Frame,clavicle_out_l_RelLoc_X,clavicle_out_l_RelLoc_Y,clavicle_out_l_RelLoc_Z,clavicle_out_r_RelLoc_X,clavicle_out_r_RelLoc_Y,clavicle_out_r_RelLoc_Z,thigh_out_l_RelLoc_X,thigh_out_l_RelLoc_Y,thigh_out_l_RelLoc_Z,thigh_out_r_RelLoc_X,thigh_out_r_RelLoc_Y,thigh_out_r_RelLoc_Z,calf_knee_l_RelLoc_X,calf_knee_l_RelLoc_Y,calf_knee_l_RelLoc_Z,calf_knee_r_RelLoc_X,calf_knee_r_RelLoc_Y,calf_knee_r_RelLoc_Z,state,angle_left_deg,angle_right_deg
1,13.15241432,-12.08077335,0.489477813,-12.562953,-12.20593739,-1.166406274,9.128462791,41.42676926,3.727899551,-13.44730282,40.90929794,5.466748714,30.98195267,85.00521088,-12.3912468,-33.7514801,83.75158691,-12.70127296,lay,30.93335519,24.40373546
2,13.18365669,-12.01606655,0.468589365,-12.55826092,-12.23147202,-1.144066453,9.137039185,41.4052887,3.681629896,-13.45145416,40.90871429,5.443543434,30.91621017,85.06083679,-12.23518467,-33.73858643,83.7592926,-12.73743534,stand up,30.84582605,24.3717463
3,13.21450424,-11.95113373,0.44772774,-12.55347729,-12.25697136,-1.121714711,9.145578384,41.38405228,3.635224819,-13.45559311,40.90812683,5.420339108,30.85027695,85.11566925,-12.07830048,-33.7256813,83.7669754,-12.77356434,stand up,30.75856538,24.33969079
4,13.24495506,-11.88597679,0.426894426,-12.54859543,-12.28243065,-1.099349499,9.154083252,41.36305618,3.588683844,-13.45972252,40.90751266,5.397130489,30.78416824,85.16970825,-11.92059708,-33.71277618,83.77461243,-12.80967999,stand up,30.67157047,24.30756762
5,13.34555626,-11.74581909,0.357964635,-12.56022453,-12.3228159,-0.719450414,9.150921822,41.28828812,3.388226032,-13.46768761,40.95953369,5.442756653,30.63763618,85.2232132,-11.77310467,-33.84258652,83.68065643,-13.11688614,stand up,30.58359126,24.52205818
6,13.44462585,-11.60427284,0.285375118,-12.56249809,-12.36069775,-0.338819623,9.14454937,41.21388626,3.188711405,-13.47681236,41.01134109,5.4896698,30.49232101,85.27241516,-11.62068081,-33.97626114,83.58235168,-13.42010021,stand up,30.50602518,24.7310261
7,13.583395,-11.38070488,0.03349781,-12.62360668,-12.29719257,0.409410894,9.133439064,41.12963867,2.596187592,-13.415802,41.09614944,5.317735672,30.31691933,85.34706879,-11.78978252,-34.30558014,83.41818237,-13.82395744,stand up,30.44185283,25.42050242
8,13.66512775,-11.23371983,-0.239916146,-12.63647842,-12.25990391,1.47061944,9.097300529,41.04247284,1.81542933,-13.29508591,41.16067123,5.058245182,30.10639191,85.43032074,-12.17161846,-35.05199432,83.06728363,-14.19989872,stand up,30.32228334,26.73090928
9,13.73502445,-11.09127712,-0.523068011,-12.54684734,-12.25405598,2.629294872,9.044282913,40.94822693,1.03932476,-13.18109226,41.22209167,4.797737122,29.89461136,85.49576569,-12.54362869,-35.8056488,82.70671082,-14.54069805,stand up,30.23240178,27.92730661
10,13.75772953,-11.07727909,-0.733226538,-12.23981571,-12.41061115,3.914615631,8.878483772,40.88156509,0.414372981,-13.1898613,41.25131226,4.586714745,29.64433098,85.53111267,-12.98637962,-36.6647377,82.29292297,-14.87504101,stand up,30.30712847,28.75430913
11,13.80389309,-11.05013466,-0.897742808,-11.75363541,-12.64203167,5.149642944,8.629380226,40.83850861,-0.073435903,-13.32086658,41.26553726,4.420274734,29.38653755,85.53649139,-13.52684021,-37.43048859,81.91398621,-15.26917553,stand up,30.60444031,29.00798437
12,13.89926815,-10.94620228,-1.015219092,-11.155756,-12.87723732,6.265377998,8.316625595,40.8080101,-0.534117222,-13.53886318,41.26050186,4.229640961,29.11631393,85.52011108,-14.22483158,-38.13246918,81.55848694,-15.73796844,stand up,31.1040449,28.87495841
13,14.04592419,-10.77271652,-1.037433743,-10.59104919,-13.01966286,7.155139923,7.927556515,40.7742157,-1.066191435,-13.84233952,41.22177505,3.922617435,28.7922287,85.48503876,-15.06104183,-38.84120178,81.20633698,-16.30434608,stand up,31.78555259,28.5838859
14,14.28843594,-10.51329708,-0.796434283,-9.956320763,-13.14274693,8.014629364,7.368855,40.71593475,-1.702176094,-14.34114552,41.10530472,3.383414507,28.29571915,85.42569733,-15.87531281,-39.61943817,80.87432098,-16.99562263,stand up,32.77486739,27.82005069
15,14.52728844,-10.2396574,-0.564868748,-9.740039825,-12.93889618,8.497327805,6.806345463,40.64212036,-2.331423759,-14.8428421,40.97425079,2.850937843,27.79623604,85.34910583,-16.68308449,-40.39948273,80.52563477,-17.67788315,stand up,33.77841222,27.46219213
16,14.86115646,-9.794306755,-0.133143365,-9.544326782,-12.77621365,8.861371994,6.118343353,40.53726578,-2.929888725,-15.51152039,40.75892639,2.222993851,27.12447739,85.27132416,-17.18666077,-41.15246964,80.26216888,-18.24756622,stand up,35.00792213,26.6268709
17,15.20672035,-9.213167191,0.278355181,-9.403608322,-12.64260101,9.105877876,5.431237221,40.41911316,-3.46096611,-16.19856071,40.50468445,1.640731096,26.39824486,85.21590424,-17.42995644,-41.78680038,80.09317017,-18.57453346,stand up,36.2240613,25.59101665
18,15.51794147,-8.572453499,0.596356392,-9.304765701,-12.52186871,9.279256821,4.778316498,40.29699707,-3.954367399,-16.85347176,40.23394775,1.116804838,25.67238808,85.17819977,-17.53521919,-42.30555344,79.99485779,-18.68737602,stand up,37.35832683,24.48141048
19,15.77908516,-7.960757732,0.817781687,-9.329979897,-12.40716553,9.247550011,4.154047966,40.17209625,-4.434286118,-17.46660233,39.96880722,0.638447702,24.9933033,85.127388,-17.67547989,-42.80625534,79.89355469,-18.73049927,stand up,38.44836246,23.57236749
20,15.98928261,-7.458299637,0.909116864,-9.301071167,-12.28214455,9.278697014,3.553827047,40.04748917,-4.869595051,-18.01320648,39.75053406,0.239770114,24.43613625,85.02297211,-18.00708961,-43.49546051,79.6391983,-18.95544243,stand up,39.574659,23.06664704
21,16.18340683,-6.949150562,0.99157989,-9.316541672,-12.12187672,9.274954796,2.954971075,39.91148376,-5.301856995,-18.55789375,39.52118301,-0.155110657,23.88069534,84.90657806,-18.3356514,-44.18027878,79.37388611,-19.17681313,stand up,40.70558352,22.59256052
22,16.26682281,-6.806743145,0.978125632,-9.440086365,-11.86092758,9.244157791,2.46706605,39.81801987,-5.694776535,-18.9482708,39.33890152,-0.483952463,23.52121162,84.78627014,-18.91600418,-44.94541931,79.00470734,-19.43788528,stand up,41.5764331,22.72061482
23,16.34872246,-6.66398716,0.962640345,-9.519706726,-11.62309361,9.243516922,1.979231834,39.71669006,-6.08446455,-19.33750153,39.14986801,-0.809311867,23.16337776,84.65563965,-19.49327087,-45.70594406,78.62773132,-19.69264793,stand up,42.45294592,22.79612076
24,16.42908096,-6.520944595,0.94512105,-9.596683502,-11.38384342,9.235551834,1.491572738,39.60758209,-6.470809937,-19.72550392,38.95418167,-1.131087542,22.80726814,84.51478577,-20.06729889,-46.4617157,78.24317169,-19.94101524,stand up,43.33504549,22.85842757
25,16.37935638,-6.775417805,1.102913857,-9.667494774,-11.19530773,9.351766586,1.437636495,39.53857803,-7.034488201,-19.68608284,38.84677505,-1.558610797,22.74799728,84.47928619,-20.84988022,-46.7231102,78.03741455,-20.02216339,stand up,43.25038878,23.2800746
26,16.15024567,-7.285294056,1.089833736,-9.650185585,-10.87213135,9.973412514,2.42086935,39.45214844,-8.004717827,-18.63882256,39.08275223,-2.121609449,23.40480614,84.61288452,-21.47765732,-45.85333633,78.22225189,-20.27361298,stand up,41.29237387,24.61132616
27,15.90506458,-7.784766197,1.097950339,-9.609498978,-10.53378296,10.57980251,3.391614437,39.3227005,-8.996941566,-17.59629822,39.27914047,-2.713435888,24.05953979,84.69552612,-22.11739731,-44.96946335,78.38141632,-20.54309464,stand up,39.36617919,25.88452567
28,15.64461613,-8.27269268,1.127319098,-9.335665703,-10.35577679,11.30890083,4.348330975,39.14984131,-10.00946331,-16.56012726,39.43517685,-3.332725048,24.71119118,84.72652435,-22.7679863,-44.07263184,78.51409912,-20.83011818,stand up,37.47270119,26.89070342
29,15.36975479,-8.747964859,1.17790103,-9.029819489,-10.16573334,12.00520992,5.289518833,38.93332672,-11.04046249,-15.53188992,39.55028534,-3.97796917,25.35878944,84.70533752,-23.4282093,-43.16404343,78.61965942,-21.13405991,stand up,35.61266334,27.81909784
30,14.92632961,-9.524708748,1.24913156,-8.93451786,-9.718331337,12.61588669,6.596879482,38.64107132,-12.08937931,-14.15230656,39.82593536,-4.563258648,26.32100296,84.61907959,-23.72494507,-41.95246887,78.75263977,-22.00816345,stand up,33.03015801,29.52118546
31,14.39101219,-10.40029526,1.442071795,-8.850324631,-9.339007378,13.11967373,7.861265659,38.31607819,-13.03404903,-12.82964039,40.06806183,-5.121642113,27.30182457,84.44563293,-23.93723869,-40.76309204,78.85372162,-22.99428558,stand up,30.48640273,31.15670832
32,13.73885441,-11.33143044,1.70352459,-8.856422424,-8.86520195,13.55985737,9.15696907,37.94556808,-13.94870853,-11.49212265,40.24903107,-5.71051693,28.35047531,84.18563843,-24.11481857,-39.42481995,78.9853363,-23.96868515,stand up,27.8547635,32.72350853
33,12.95262241,-12.26067257,2.050733566,-8.962677956,-8.263328552,13.9701786,10.61087132,37.50744629,-14.89902115,-10.02106094,40.30973816,-6.427024364,29.61573982,83.8160553,-24.63028145,-37.70666504,79.18959045,-24.86518097,stand up,25.00701596,34.20569663
34,12.10035801,-13.11946201,2.436491966,-9.118383408,-7.616803169,14.31045818,12.0487957,36.99708939,-15.85251999,-8.556837082,40.29917526,-7.155647755,30.86011505,83.37019348,-25.15156937,-35.99114227,79.32193756,-25.77301788,stand up,22.13895715,35.77994015
35,11.4994173,-13.53017044,2.830836296,-9.501451492,-6.798875332,14.49600124,13.47140121,36.43962097,-16.69965935,-7.145197868,40.12969589,-8.01012516,32.29159164,82.81175232,-26.51198196,-34.11929703,79.47476196,-26.64079285,stand up,19.82991801,37.30803606
36,10.88117981,-13.90264606,3.234261274,-9.850122452,-5.95932579,14.65511322,14.87722969,35.81381989,-17.53505707,-5.744842529,39.8913269,-8.857557297,33.70166779,82.18000031,-27.86285782,-32.2480011,79.55500031,-27.50700378,stand up,17.5015355,38.86712504
37,10.24733639,-14.23595524,3.645563126,-10.16357994,-5.100631714,14.78711033,16.26379585,35.12071991,-18.35677528,-4.358287334,39.5848732,-9.695988655,35.08768845,81.47595978,-29.20195198,-30.37998009,79.56302643,-28.36966896,stand up,15.15111213,40.46210694
38,9.599625587,-14.52929688,4.063522816,-10.45939255,-4.273310184,14.87114716,17.6286869,34.36149979,-19.16288948,-2.987992287,39.21127701,-10.52346992,36.44709778,80.70081329,-30.52699661,-28.51787758,79.49942017,-29.2267952,stand up,12.77596931,42.11092224
39,9.505641937,-14.39074612,4.517972469,-10.68606186,-3.873846054,14.86177731,18.260952,33.76262665,-19.88253212,-2.422555208,38.78111267,-11.43680191,37.08168793,80.06952667,-31.17609978,-27.19943237,79.63583374,-29.85789871,stand up,11.81351556,42.19930453
40,9.408547401,-14.23861694,4.966810226,-10.89446259,-3.50677371,14.85168648,18.89353371,33.14102936,-20.58217621,-1.858570457,38.32685471,-12.33430767,37.70715714,79.41784668,-31.81016541,-25.86274529,79.73397827,-30.47676468,stand up,10.80350695,42.28976006
41,9.479111671,-13.98479366,5.390781403,-11.04366779,-3.374168396,14.82441139,19.09988594,32.66156006,-21.23467255,-1.762786746,37.87728882,-13.26577091,37.90371323,78.89078522,-32.07990265,-24.95394135,79.82949829,-31.06371498,stand up,10.48033141,41.61325177
42,9.690599442,-13.62582779,5.7485075,-11.21094894,-3.363874435,14.74359608,19.10925293,32.2450676,-21.85513687,-1.831793785,37.49767303,-14.12937164,37.96391296,78.3883667,-32.31208801,-24.51397705,79.75653076,-31.87415314,stand up,10.62221624,41.151865
43,10.04572105,-13.1610508,6.067600727,-11.44738483,-3.510168076,14.53953648,18.76089096,31.90091324,-22.46692085,-2.189881563,37.20595932,-14.98687553,37.84318161,77.87100983,-32.90633774,-24.89876938,79.39987183,-33.22919083,stand up,11.59735224,41.09866978
44,10.38793182,-12.6748476,6.379201889,-11.9519453,-3.609257936,14.04585266,18.41516304,31.53755951,-23.07994652,-2.545617104,36.88882446,-15.84515858,37.70532227,77.34385681,-33.4881134,-25.27562714,79.01335144,-34.58316803,stand up,12.54659746,41.42690721
45,10.69060707,-12.21252346,6.781899929,-12.37084007,-3.90728426,13.53247166,17.7208252,31.24192047,-23.65377045,-3.255765915,36.43854904,-16.93525696,37.46172333,76.75344849,-34.81766891,-26.07529449,78.50508881,-36.20183563,stand up,14.25918466,41.20891939
46,10.90533543,-11.72062492,7.398587227,-12.804492,-4.318294048,12.92191124,16.95815849,31.03920174,-24.06162071,-4.130735397,35.75947189,-18.25020218,37.30715561,76.08998108,-36.76385117,-26.78777504,77.93174744,-37.77433777,stand up,16.25131351,40.45869446
47,11.09596825,-11.20033264,8.002940178,-13.22536278,-4.802733421,12.20231628,16.19558144,30.79714775,-24.49909019,-4.968881607,35.00535583,-19.57828903,37.20584488,75.32106781,-38.65199661,-27.48273277,77.27893829,-39.33717728,stand up,18.33867985,39.7560658
48,11.43370819,-10.41460609,8.586591721,-13.5758791,-5.458560467,11.39095402,15.44811726,30.72251701,-24.70732689,-5.838524342,34.25930023,-20.78484344,36.98184967,74.65113068,-40.35560989,-28.08015442,76.73064423,-40.48245239,stand up,20.54039544,38.66400991
49,11.72236061,-9.589377403,9.157565117,-13.7992363,-6.173211098,10.58911419,14.69083405,30.60976791,-24.9565258,-6.667462826,33.44082642,-22.01331902,36.81677628,73.8769989,-42.00334167,-28.68112946,76.09886932,-41.61595535,stand up,22.86094179,37.50169932
50,12.17666817,-8.660772324,9.435510635,-13.732584,-7.109025002,9.941303253,13.80617428,30.67782593,-25.01960754,-7.607714653,32.98723221,-22.70676422,36.27482224,73.42860413,-42.89855576,-29.54363823,75.66296387,-42.50622559,stand up,25.35321358,35.8888297
51,12.56994057,-7.690665245,9.706968307,-13.54526997,-8.052137375,9.317046165,12.90947819,30.70209694,-25.1163311,-8.534906387,32.47596741,-23.4237442,35.74404907,72.91817474,-43.76879501,-30.40719604,75.16760254,-43.40244675,stand up,27.9021459,34.1750548
52,12.93789101,-6.906580925,9.778701782,-13.19082069,-9.025624275,8.758205414,11.89643574,30.92967606,-24.98787308,-9.591620445,32.18282318,-23.78931808,34.98130035,72.63803101,-44.40356445,-31.4070816,74.80235291,-44.19448471,stand up,30.54046833,32.0979562
53,13.28181076,-6.277519226,9.692960739,-12.82381821,-9.883746147,8.129572868,10.80779457,31.31805992,-24.68432426,-10.7258749,31.96797752,-23.98989868,34.15191269,72.44598389,-45.01929855,-32.40722275,74.49965668,-44.92491913,stand up,33.34412767,29.88081554
54,13.63804531,-5.724885941,9.44042778,-12.37644577,-10.76610374,7.420957088,9.631262779,31.87541962,-24.1988678,-11.92888737,31.84463692,-24.01246643,33.34438324,72.24456024,-45.75268173,-33.42883682,74.2305603,-45.63526154,stand up,36.51290615,27.49784795
55,14.06165314,-5.174888611,8.944097519,-11.8703804,-11.64146805,6.53797102,8.252318382,32.72994232,-23.3715744,-13.30853653,31.99931335,-23.59714127,32.59782028,71.97418213,-46.58846664,-34.71724701,73.94779205,-46.37568665,stand up,40.52716333,25.15035794
56,14.44718552,-4.566501141,8.454689026,-11.28401184,-12.44496822,5.641642094,6.826852798,33.52652359,-22.56707573,-14.7154541,32.08120346,-23.19869041,31.85413742,71.55825806,-47.34609604,-35.97805023,73.59703064,-47.10329437,stand up,44.6598743,22.71271431
57,14.78944302,-3.903934479,7.973504066,-10.60697269,-13.18612099,4.773724079,5.359019279,34.26206207,-21.78766441,-16.1453228,32.08884048,-22.81804657,31.11557579,71.00275421,-48.01843643,-37.20810318,73.17939758,-47.81660461,stand up,48.91104358,20.16524153
58,15.13965702,-3.327867508,7.316142082,-9.871862411,-13.8584795,3.83117795,3.699252844,35.23536301,-20.65797806,-17.76383591,32.29693604,-22.01087189,30.32555008,70.39431,-48.47314835,-38.61133575,72.73699188,-48.44311523,stand up,53.66092772,17.5688383
59,15.44082355,-2.852061272,6.612509727,-9.143566132,-14.42167759,2.896434069,2.054464817,36.26475906,-19.36953354,-19.37257576,32.55564499,-21.01045227,29.52890968,69.73934174,-48.69473648,-39.93163681,72.26822662,-48.95667267,stand up,58.26933385,15.08639606
60,15.68326759,-2.490211964,5.916023254,-8.428358078,-14.89634991,1.954072714,0.564932823,37.28501892,-17.96912575,-20.85372925,32.88298416,-19.84377861,28.73403358,69.06478119,-48.74938583,-41.07453156,71.79795074,-49.34581375,stand up,62.36480214,12.87976874
61,15.8742342,-2.228193045,5.264377594,-7.722739697,-15.29113388,1.00825429,-0.683154166,38.24804306,-16.49502754,-22.1394825,33.29618454,-18.53892899,27.93262863,68.37606812,-48.73584366,-42.02782822,71.32191467,-49.6230545,stand up,65.77308394,11.08403639
62,16.0323658,-2.04424262,4.65157032,-7.062667847,-15.58725643,0.097632408,-1.701678276,39.16513443,-14.93749332,-23.23778343,33.79934311,-17.10485268,27.13923836,67.63589478,-48.68558884,-42.83525467,70.80015564,-49.80600739,stand up,68.65419282,9.773246988
63,16.17571831,-1.940988064,4.047620296,-6.500686169,-15.75968075,-0.767368078,-2.545978785,40.08158875,-13.26595879,-24.1835022,34.38996506,-15.53380489,26.40728378,66.7649231,-48.57230759,-43.50827408,70.19484711,-49.91348267,stand up,71.35002504,8.934121344
64,16.32554626,-2.147102356,3.449124098,-6.306346416,-15.80510426,-1.20742321,-3.005779505,40.92021179,-11.77074337,-24.7297287,35.23458862,-13.77832603,26.16028214,65.73300171,-48.43280792,-43.97645569,69.41223145,-50.02402115,stand up,73.78434495,9.537862589
65,16.4551239,-2.329309225,2.837061882,-6.124620914,-15.82895374,-1.664239168,-3.419653416,41.72476959,-10.26003933,-25.24635696,36.03773499,-12.00412846,25.86767578,64.62081909,-48.22142029,-44.35403442,68.5076828,-50.0430603,stand up,76.26493439,10.23818888
66,16.56408691,-2.486887455,2.213186026,-5.962778091,-15.87917614,-2.019220591,-3.787458658,42.49206924,-8.73734951,-25.73247337,36.7961998,-10.21485615,25.53045654,63.43625641,-47.93410873,-44.64009476,67.49140167,-49.96213913,stand up,78.80391157,11.06051553
67,16.62070656,-2.970297575,1.553475857,-6.217036247,-15.81678581,-2.002960443,-3.464884996,42.88809204,-8.137461662,-25.48790932,37.85208893,-8.666163445,26.00764656,62.35656738,-48.12152481,-44.56822205,66.26244354,-50.15147781,stand up,80.20572654,14.13351467
68,16.54240608,-3.664949417,0.808030367,-6.752439022,-15.68212223,-1.685607433,-2.420614719,43.05231094,-8.294168472,-24.55156708,38.97728348,-7.811805725,26.86111259,61.33651733,-49.13211823,-43.88306046,65.06902313,-50.79031754,stand up,80.11110868,18.49775286
69,16.3991375,-4.364583015,0.077235699,-7.24651289,-15.58732128,-1.255977154,-1.360404491,43.18042755,-8.499002457,-23.52753258,40.08436966,-7.034852982,27.66392136,60.26589966,-50.17771149,-43.2842865,63.73244476,-51.3163681,stand up,79.99858776,23.57562471
70,16.02330399,-5.381630421,-0.726634264,-8.04350853,-15.34667206,-0.496596098,0.372511148,43.23992157,-9.151133537,-21.81737518,41.10594559,-7.053044319,29.17733765,59.134655,-51.62506104,-41.87901688,62.74864578,-52.26931763,stand up,78.95258462,29.11720344
71,15.53734398,-6.392159939,-1.484239101,-8.861505508,-14.98083591,0.262123346,2.099859715,43.20275879,-9.865114212,-20.06311989,42.04255295,-7.158625126,30.62412071,57.90057755,-53.11225128,-40.5478363,61.62593842,-53.16846466,stand up,77.8991289,35.17503693
72,14.94455051,-7.386392593,-2.190232277,-9.749468803,-14.40881348,0.947660208,3.813489437,43.06759644,-10.63802242,-18.27347183,42.88917923,-7.350697994,31.997118,56.5655899,-54.633461,-39.29566574,60.37334061,-54.00613022,stand up,76.85001925,41.78808273
73,14.20627785,-8.408416748,-2.927815914,-10.80043983,-13.56133938,1.33305192,5.665018559,43.05451965,-10.90559959,-16.33258247,43.7289238,-7.233438015,33.69132614,55.43882751,-55.4311409,-37.8361702,59.1898613,-54.47336578,stand up,75.58368235,48.76854008
74,13.36037636,-9.373818398,-3.620970249,-11.86208153,-12.49999714,1.806485653,7.52889061,42.94029617,-11.22372723,-14.34857655,44.46722412,-7.183885574,35.35062027,54.20793152,-56.2657547,-36.38737869,57.88246918,-54.88113022,stand up,74.31288171,56.17144675
75,12.53902912,-10.27288723,-4.192119598,-12.8199358,-11.37449551,1.96043849,9.369506836,43.1251297,-10.60624695,-12.55789089,45.27061844,-6.42478466,36.80317688,53.32461548,-56.1749649,-34.61959839,56.51747513,-54.75181198,stand up,73.00240749,63.25298201
76,11.63801003,-11.09181213,-4.76462841,-13.68831539,-10.10040188,2.173835039,11.2331171,43.21311569,-10.00847816,-10.73842239,45.97669983,-5.687755585,38.22727966,52.36077118,-56.09468079,-32.79133606,55.02926254,-54.54265594,stand up,71.7069332,70.69342713
77,10.89557743,-11.72698402,-5.269646645,-14.28128052,-9.035776138,2.06425786,12.57924271,43.48030853,-8.774745941,-9.514908791,46.69504929,-4.370588303,39.4512825,51.79113007,-55.0640564,-30.88474274,53.52864075,-53.9375,stand up,71.06770789,77.15521361
78,10.10059452,-12.29341984,-5.798870087,-14.75122833,-8.04556942,1.904720068,13.94099045,43.66613007,-7.541176796,-8.282711029,47.32705307,-3.058671951,40.64364624,51.1499939,-54.04234695,-28.88415718,51.93455124,-53.23952866,stand up,70.4176444,84.05627784
79,9.573986053,-12.56223488,-6.26076746,-15.04610443,-7.492617607,1.426154375,14.84922314,43.98685455,-5.933582783,-7.51451683,47.85959244,-1.502710581,41.74283218,50.7736969,-52.38211823,-27.25116539,50.18041229,-52.20692825,stand up,70.50715206,91.04188175
80,9.268789291,-12.59304428,-6.650581837,-15.23188686,-7.418503761,0.872159004,15.51345634,44.43742752,-3.954076767,-7.02008152,48.30886841,0.110405684,42.97356033,50.36778259,-50.1335144,-25.86663055,48.1724205,-50.96142197,stand up,71.56459174,98.79740572
81,9.057281494,-12.51786327,-7.022297382,-15.30052853,-7.880759239,0.589299202,15.87710094,45.00938797,-1.533564925,-6.846009254,48.74610138,1.759785414,44.26613998,49.88113403,-47.23694229,-24.70652771,45.94734192,-49.49200821,stand up,73.50168911,107.3975416
82,8.577825546,-12.62946129,-7.573330402,-15.15813732,-8.890112877,0.849640369,15.70009041,45.63082504,1.210790873,-7.19732666,49.28674698,3.408563137,45.27821732,49.54562378,-43.82078171,-23.68298721,43.80538559,-47.89507294,stand up,75.49069462,116.1834409
83,8.094162941,-12.67920303,-8.145997047,-14.86886406,-10.00323772,1.440823078,15.38970757,46.12306976,3.981077671,-7.623974323,49.75056458,5.021059513,46.10308456,49.06505203,-40.33362579,-22.65739059,41.68729019,-46.12001038,stand up,77.45593451,125.1203062
84,7.553277016,-12.8491087,-8.668557167,-14.41300488,-11.08039856,1.835012436,14.71058083,46.49717712,6.184235096,-8.322511673,50.30966568,6.02929306,46.72124863,48.80108261,-37.20183563,-21.33930588,40.20550156,-45.03714371,stand up,79.00655094,133.4858261
85,7.006171227,-12.9452076,-9.207120895,-14.01129913,-11.85796452,1.800462604,13.91520214,46.79409409,8.368480682,-9.017654419,50.80062103,6.979542732,47.19238281,48.4449501,-34.00187683,-20.18572426,38.7803421,-43.79899979,stand up,80.56280681,141.6613839
86,7.072141171,-13.05533218,-9.159887314,-13.86454964,-12.23723698,1.196250319,13.20718193,47.14785767,9.518623352,-9.357422829,51.24527359,6.84145689,48.23809814,47.54399109,-31.33199501,-19.33251953,37.51174927,-43.65267181,stand up,83.5334476,148.0689671
87,7.498486996,-13.23113155,-8.656629562,-13.78176785,-12.46381474,0.329819322,12.42659473,47.74472046,9.822050095,-9.614574432,51.58428955,5.786517143,49.56192398,45.70406723,-29.07449532,-18.52950478,36.33936691,-44.43597031,stand up,88.5247041,153.404362
88,8.087471008,-13.44226456,-7.846686363,-13.52641392,-12.78763103,-0.580632687,11.36077023,48.70142365,9.349998474,-10.13463306,51.76802826,3.947624683,50.83782196,42.55853271,-26.87153244,-17.52629471,35.16146088,-46.05925751,stand up,95.82951314,159.0135059
89,8.764537811,-13.64800072,-6.847697258,-12.98631096,-13.28448677,-1.461163163,9.967037201,49.9997406,8.233660698,-11.08250332,51.79962921,1.570296288,51.48544312,38.072155,-24.37247658,-16.27082443,33.79413605,-48.15595627,stand up,104.946164,165.6010607
90,9.534786224,-13.82188606,-5.652725697,-12.18962955,-13.85726166,-2.347692966,8.495597839,51.46760941,6.523877144,-12.26762867,51.69657516,-1.097768545,50.99968719,32.67362976,-21.57004166,-15.1420536,32.20206833,-50.30939484,stand up,114.7653946,171.5441189
91,10.35644054,-13.8995533,-4.26838398,-11.21269035,-14.38806534,-3.278383732,7.342548847,52.86461258,4.201555252,-13.32097816,51.46068192,-3.863892078,49.28578186,26.94548988,-18.80012512,-14.56791306,30.52519035,-52.37778854,stand up,124.2990022,174.7576237
92,11.14627552,-13.77781296,-2.851682901,-10.13201618,-14.81393909,-4.199189186,6.76548481,53.97119522,1.263344288,-14.01432037,51.0894165,-6.663909435,46.6247139,21.42274666,-16.4052124,-14.418437,28.889534,-54.46645737,stand up,132.9342727,175.5857849
93,11.84002304,-13.42593098,-1.622408628,-9.079025269,-15.08859253,-4.982841015,6.740299702,54.60426712,-2.220082283,-14.36668491,50.54554367,-9.520208359,43.42106628,16.45246124,-14.50253105,-14.34805584,27.29682922,-56.69517517,stand up,140.4131853,175.4399588
94,12.39316463,-12.95470428,-0.679522753,-8.239719391,-15.16564178,-5.548536777,7.071410656,54.648983,-6.068200111,-14.54087448,49.77127457,-12.40529728,40.11513138,12.26581001,-13.14295197,-14.30177689,25.69032288,-59.02418518,stand up,146.5595431,175.0265204
95,12.77205658,-12.53608513,0.037288666,-7.743631363,-15.03007603,-5.906665325,7.586251736,54.12392426,-9.97720623,-14.65923023,48.76849365,-15.18535614,37.14202499,8.913615227,-12.55381107,-14.3303442,24.0388546,-61.31533813,stand up,151.2741184,174.5753887
96,12.96570873,-12.28334332,0.642901659,-7.603523254,-14.73830032,-6.064939499,8.195193291,53.20258713,-13.57077408,-14.73004341,47.63276672,-17.70816994,34.57850266,6.100583076,-13.26406002,-14.52001476,22.33535576,-63.37783813,stand up,154.9119645,173.957331
97,12.99381065,-12.2102232,1.205515862,-7.767805576,-14.41722202,-5.956578255,8.815804482,52.1252861,-16.59473991,-14.73774338,46.48793411,-19.88756561,32.3513031,3.594997406,-15.25681591,-14.93493938,20.57862854,-65.05970001,stand up,157.8438537,173.0354469
98,12.90350151,-12.26798248,1.720291376,-8.170516968,-14.17796135,-5.504095554,9.370265007,51.04032135,-19.0864563,-14.71881008,45.40842056,-21.74178314,30.2999382,1.362216473,-17.83835983,-15.64497089,18.73285103,-66.29856873,stand up,160.34839,171.7401218
99,12.76396561,-12.38528347,2.142113447,-8.701931,-14.02767277,-4.744267464,9.785447121,49.96083832,-21.28478622,-14.74283981,44.4029808,-23.36725616,28.2914257,-0.614371896,-19.90566254,-16.6816082,16.71605682,-67.10186768,stand up,162.6370827,170.091811
100,12.6618576,-12.47628593,2.433156967,-9.201169014,-13.88462925,-3.895831108,9.987956047,48.8623848,-23.38066673,-14.88797092,43.44978333,-24.83438492,26.25464249,-2.371424437,-20.80389595,-18.05762863,14.50306129,-67.49195099,stand up,164.8814873,168.0865818
101,12.6785326,-12.45606518,2.595591545,-9.539115906,-13.66808128,-3.276413679,9.900162697,47.77749634,-25.35484123,-15.24082756,42.52092361,-26.08189964,24.2500248,-3.828525543,-20.80625534,-19.73657036,12.37599277,-67.6465683,stand up,167.1015657,165.7233776
102,12.84947395,-12.27614307,2.684545517,-9.674972534,-13.36362934,-3.084158897,9.444968224,46.8125,-27.06415367,-15.84992886,41.6498642,-27.06228447,22.43320274,-4.882320881,-20.46029282,-21.61116219,10.3315382,-67.51596832,stand up,169.1940233,163.172236
103,13.15091133,-11.9394722,2.789604664,-9.631383896,-13.01963329,-3.258281946,8.640890121,46.04428864,-28.45321274,-16.69804382,40.84829712,-27.79645538,20.80785942,-5.531972885,-19.90841866,-23.52585793,8.297836304,-67.1059494,stand up,171.1740101,160.6796777
104,13.54014111,-11.46603775,2.970659733,-9.455423355,-12.71577168,-3.573822975,7.568142414,45.46944046,-29.57479858,-17.73625374,40.06486893,-28.32856178,19.28723907,-5.813911438,-19.0025959,-25.31174088,6.503704071,-66.658638,stand up,173.1158798,158.3637271
105,14.00271511,-10.83654499,3.188216686,-9.184376717,-12.527668,-3.851908445,6.266775131,45.05525208,-30.48818207,-18.92790794,39.26798248,-28.70576477,17.91378784,-5.767708778,-17.83877945,-26.97557449,4.938948154,-66.26771545,stand up,174.9726992,156.1528593
106,14.54225349,-9.988302231,3.311383724,-8.827898979,-12.48708916,-4.059708118,4.778075218,44.75992203,-31.21391487,-20.23861122,38.46024323,-28.94864082,16.80228996,-5.479681492,-16.64277649,-28.45144272,3.547596931,-65.93318939,stand up,176.6523765,154.1382073
107,15.11893559,-8.896517754,3.222823143,-8.400091171,-12.56514454,-4.234796524,3.239690542,44.51239014,-31.78964233,-21.58108139,37.66914749,-29.08722115,15.93760967,-5.10418129,-15.59979343,-29.60032272,2.270239592,-65.64781952,stand up,178.1845576,152.5332796
108,15.6339407,-7.659861565,2.913117409,-7.954554081,-12.70715618,-4.371893406,1.835816383,44.25089264,-32.25452423,-22.82516289,36.93790436,-29.15410995,15.20004272,-4.799371719,-14.80092716,-30.4397049,1.138746738,-65.41711426,stand up,179.6444461,151.317059
109,16.01247406,-6.458535671,2.455699444,-7.542912483,-12.89961052,-4.412937164,0.690841675,43.96677017,-32.6020546,-23.86389732,36.32307053,-29.1395874,14.48549366,-4.637551308,-14.1882658,-31.24769592,0.366836786,-65.26978302,stand up,178.9434518,150.0511423
110,16.25731468,-5.413666248,1.917177439,-7.138653278,-13.18782902,-4.324007034,-0.141159073,43.69668198,-32.7754364,-24.64481354,35.90513611,-29.0312767,13.76950169,-4.629916191,-13.70800781,-32.24500275,0.095432997,-65.17391968,stand up,177.5935799,148.3916205
111,16.40008354,-4.54619503,1.322287321,-6.650433064,-13.60463524,-4.154807091,-0.62050426,43.502491,-32.69480515,-25.1811924,35.77154922,-28.8592453,13.07066345,-4.760545731,-13.32858467,-33.03483582,0.42117238,-65.2379303,stand up,176.3314869,146.9032865
112,16.45344734,-3.854882717,0.677406788,-6.034999371,-14.09403038,-4.030281067,-0.737562418,43.48480225,-32.2753067,-25.48613167,36.02053452,-28.61063194,12.46274281,-4.969567299,-13.08008766,-33.12490845,1.273608208,-65.43268585,stand up,175.2810673,146.3884144
113,16.4145565,-3.359812498,-0.012904406,-5.372778893,-14.54104805,-4.084408283,-0.567012668,43.7840538,-31.43492699,-25.61979866,36.74893951,-28.22554016,12.05099106,-5.138522148,-13.06618118,-32.21037292,2.079850435,-65.22502899,stand up,174.653018,147.6946189
114,16.29111099,-3.074270487,-0.730073452,-4.821006298,-14.87088203,-4.358511925,-0.265118122,44.50118637,-30.1223011,-25.67079163,37.93160248,-27.5120945,11.90807915,-5.130910873,-13.37977028,-30.62334061,2.409142256,-64.03649902,stand up,174.5929559,150.5157079
115,16.1257782,-2.988576889,-1.42365694,-4.538480759,-15.08033848,-4.735851288,0.00167191,45.58036423,-28.3759346,-25.75814056,39.32487869,-26.21506691,12.0069046,-4.895928383,-14.06787014,-29.26683998,2.783840895,-62.08169937,stand up,175.0132698,153.20796
116,15.97731304,-3.072413921,-2.052009106,-4.655204773,-15.17203712,-5.027043819,0.174020976,46.78211212,-26.35183334,-25.94847107,40.68843079,-24.39521217,12.14003754,-4.536807537,-15.0818615,-28.23992348,3.491222858,-59.96910858,stand up,175.5371339,155.6086937
117,15.84958172,-3.225940466,-2.643996477,-5.209778786,-15.0831852,-5.150330067,0.332609564,47.84085083,-24.32239914,-26.17431068,41.86946869,-22.31621742,12.14460182,-4.22846365,-16.50425148,-27.51912498,4.615587234,-58.24489594,stand up,175.8795638,157.7237067
118,15.66863632,-3.241717815,-3.269267082,-6.052506924,-14.74591827,-5.193990707,0.683257699,48.59796906,-22.57465935,-26.22163582,42.84588242,-20.29830742,11.96770763,-4.092055321,-18.50100517,-27.05194855,6.15607214,-57.24319077,stand up,175.9651613,159.4029031
119,15.3499527,-2.960857868,-3.94615531,-6.61764431,-14.61347961,-5.10777235,1.408798218,49.02006531,-21.26880074,-25.87289429,43.67225647,-18.60994911,11.59678268,-4.133477688,-21.14428902,-26.80697441,8.075284958,-57.05283737,stand up,175.8370615,160.2154127
120,14.88111305,-2.522924423,-4.615050316,-7.124818802,-14.49641037,-4.990303516,2.524620295,49.13838959,-20.39889145,-25.07255173,44.41718292,-17.41864777,11.02248096,-4.256474972,-24.34822273,-26.78490829,10.13298893,-57.43912506,stand up,175.5914082,160.1975877
121,14.35820866,-2.315419912,-5.212241173,-7.573016167,-14.4222374,-4.77758646,3.911395311,48.98687744,-19.92125511,-23.91696739,45.13568115,-16.77393341,10.29123497,-4.333436489,-27.96588516,-27.07345581,11.83480358,-57.90162659,stand up,175.3131595,159.2398741
122,13.87652779,-2.63916254,-5.733543396,-8.07540226,-14.39617538,-4.250436783,5.459989071,48.56711197,-19.89526176,-22.49795723,45.862957,-16.65931892,9.552521706,-4.309493065,-31.89361763,-27.66171074,12.70964432,-58.04248047,stand up,175.0917596,157.6870042
123,13.39583683,-3.513169289,-6.20126152,-8.61738205,-14.64718246,-2.95701623,7.128915787,47.85054398,-20.43128586,-20.82781792,46.56976318,-17.0271759,9.014864922,-4.246014595,-36.06960678,-28.39512444,12.74943924,-57.85599899,stand up,175.1169472,156.1075157
124,12.80954647,-4.762411118,-6.596398354,-9.509765625,-14.39762402,-1.531088352,8.911463737,46.80942154,-21.52718925,-18.89075661,47.15843964,-17.84438515,8.845000267,-4.261624813,-40.40692902,-29.01371193,12.27312374,-57.5546608,stand up,175.6029249,155.153365
125,12.08607578,-6.212124348,-6.824869156,-10.55594063,-13.82524681,0.109291077,10.83140659,45.43864441,-23.01607132,-16.66133118,47.5354538,-19.10397339,9.12682724,-4.427522659,-44.81459427,-29.55048752,11.32018852,-56.97436523,stand up,176.6506952,154.7269261
126,11.28427982,-7.773509502,-6.748944283,-11.64543629,-12.84823418,1.483380795,12.9247427,43.75956726,-24.64699173,-14.199296,47.59654236,-20.73243332,9.876799583,-4.735922813,-49.17660522,-29.48928833,9.943628311,-56.46138,stand up,178.2269812,155.4796751
127,10.4754467,-9.384981155,-6.265103817,-12.62637043,-11.69928646,2.683991194,15.17045689,41.80834198,-26.22172928,-11.6229353,47.27108002,-22.61117172,11.0720396,-5.170557022,-53.34052277,-28.61376762,8.309804916,-56.27695465,stand up,179.7458176,157.4130526
128,9.68910408,-10.95215988,-5.350047112,-13.4517622,-10.465065,3.681182861,17.44184875,39.59649658,-27.71248817,-9.097058296,46.47270584,-24.68081665,12.68087578,-5.785617352,-57.24436188,-26.79301262,6.467783451,-56.85775757,stand up,177.2692946,160.5116353
129,8.928342819,-12.36335945,-4.035580158,-14.12341404,-9.157559395,4.604518414,19.52030563,37.10287857,-29.24746895,-6.827236652,45.05850601,-26.96390724,14.66714287,-6.737640381,-60.92409515,-24.18395615,4.456072807,-58.67516327,stand up,174.2309875,164.5188552
130,8.197193146,-13.5249939,-2.365529537,-14.65475559,-7.791143417,5.264616013,21.17854118,34.34301376,-30.95576859,-5.035981178,42.90029144,-29.45771217,16.95232773,-8.194696426,-64.37750244,-21.29476357,2.399793148,-61.80252457,stand up,170.5007089,168.8714034
131,7.498927593,-14.36676121,-0.397956371,-15.08325768,-6.353402138,5.613100529,22.31181335,31.43571091,-32.80763626,-3.85527873,40.03501511,-32.07517242,19.37945366,-10.18290234,-67.45557404,-18.8318634,0.115132332,-65.53995514,stand up,166.1086572,173.0419614
132,6.839836597,-14.8362999,1.761174202,-15.42642307,-4.878762245,5.589985847,22.99375153,28.57636261,-34.616436,-3.23317194,36.7145462,-34.62666321,21.7179718,-12.49107456,-69.9865799,-17.17312622,-2.837651968,-68.87921143,stand up,161.3690415,176.9239931
133,6.25547266,-14.91044807,3.954017162,-15.67149448,-3.484028578,5.234515667,23.39462662,25.93450546,-36.18088531,-2.960220814,33.26211548,-36.82318878,23.77435303,-14.75738335,-71.97618103,-16.10203362,-6.217625618,-71.49468231,stand up,156.7016953,179.3297107
134,5.811532021,-14.61264515,6.017029285,-15.81296635,-2.321130037,4.673242569,23.67025375,23.55728722,-37.3894577,-2.83708787,29.9260025,-38.55183029,25.5733757,-16.71601868,-73.57025146,-15.10865974,-9.398910522,-73.72100067,stand up,152.2208158,175.4115494
135,5.551244736,-14.01371098,7.838058472,-15.88629532,-1.4942348,4.145562649,23.9084301,21.34745026,-38.24958801,-2.678829432,26.81538391,-39.86943817,27.31786728,-18.27562523,-74.97489166,-14.15194702,-12.11531448,-75.7153244,stand up,147.6466316,171.40981
136,5.445406437,-13.21323776,9.384239197,-15.91038704,-0.919300318,3.496086597,24.1347084,19.18180656,-38.84005737,-2.413152933,23.90704727,-40.87927246,29.21611977,-19.52250862,-76.25999451,-13.24368668,-14.39405346,-77.54449463,stand up,142.5390857,167.2580841
137,5.418977737,-12.3079958,10.68532467,-15.9285183,-0.543987751,3.081572056,24.28441238,17.04026985,-39.28687668,-2.108320713,21.15991783,-41.64670563,31.29312706,-20.71473885,-77.27474213,-12.50272942,-16.36563301,-79.17281342,stand up,136.7500937,162.9951035
138,5.428815842,-11.36391163,11.78307533,-15.92564392,-0.273787975,2.826988697,24.23015022,14.9449234,-39.70993042,-1.955662727,18.55451393,-42.21097946,33.10889435,-21.93020058,-78.109375,-12.12774372,-18.12815094,-80.57035065,stand up,130.910988,158.9244617
139,5.499207973,-10.41188812,12.69074631,-15.88761806,-0.101298094,2.730953693,23.8745575,12.88444996,-40.17686081,-2.138784409,16.0515728,-42.62129211,34.18193817,-23.28938866,-78.87342834,-12.25369263,-19.75004387,-81.77591705,stand up,125.8304564,155.3729754
140,5.682988644,-9.468626976,13.39445114,-15.82596779,-0.025010109,2.845478058,23.31387138,10.75388813,-40.67290878,-2.708329201,13.59294033,-42.92008209,33.86989975,-24.82437515,-79.86984253,-12.82040024,-21.32256699,-82.8289032,stand up,122.3910826,152.2239037
141,6.004947662,-8.555215836,13.88297081,-15.76970673,0.033253431,3.243517876,22.80775642,8.430319786,-41.14254761,-3.578877449,11.15584373,-43.11830902,31.18742371,-26.32291603,-81.61491394,-13.60356045,-22.89685059,-83.74610138,stand up,121.7535089,148.7802606
142,6.44266367,-7.686763763,14.17675018,-15.72728157,0.214636326,3.903150558,22.38573074,5.930244923,-41.51399231,-4.612313747,8.763623238,-43.19519806,26.67440987,-27.33333206,-83.85063171,-14.42689323,-24.40295219,-84.54560852,stand up,123.1540861,144.0498136
143,6.943289757,-6.857585907,14.3253088,-15.67988968,0.631523132,4.680550098,21.92552185,3.44427228,-41.82781601,-5.704054356,6.434160233,-43.12071228,21.71159172,-27.62798691,-86.01446533,-15.23351383,-25.77965927,-85.21324158,stand up,124.9070801,136.6644668
144,7.457828522,-6.058621407,14.37089443,-15.6049509,1.291698217,5.430090427,21.29843521,1.191270351,-42.05642319,-6.778405666,4.145884514,-42.89156723,17.85070801,-27.44804382,-87.6683197,-16.01302528,-26.9878273,-85.7646637,stand up,124.5106237,124.4403027
145,7.97198391,-5.297404289,14.32652473,-15.4806881,2.082699537,6.13489151,20.46257782,-0.658476353,-42.15648651,-7.788816929,1.905089617,-42.53695679,16.00678825,-27.70039368,-88.56781006,-16.77305412,-27.9913044,-86.22175598,stand up,119.731427,105.403416
146,8.506514549,-4.574137688,14.1961689,-15.28269482,2.825796604,6.889164448,19.57198334,-2.146196365,-42.22141647,-8.730021477,-0.210529566,-42.1102066,15.04633427,-28.54420471,-88.94134521,-17.54748344,-28.74677277,-86.59365082,stand up,112.1036616,82.30902278
147,9.090272903,-3.853046894,13.9920826,-14.99659538,3.31839323,7.76258707,18.69486046,-3.489732742,-42.21051407,-9.606233597,-2.103841305,-41.66772842,14.12066936,-29.19992256,-89.24302673,-18.42118073,-29.22346306,-86.87805176,stand up,102.2544416,62.83731361
148,9.730688095,-3.091275692,13.71705532,-14.63681793,3.690725565,8.67562294,17.87835121,-4.785358906,-42.11851883,-10.3916111,-3.721183538,-41.24945831,13.0783062,-29.65942383,-89.49583435,-19.4306221,-29.45571327,-87.06192017,stand up,89.17659926,49.15547748
149,10.40002632,-2.289330959,13.35737705,-14.24902344,3.838658333,9.516787529,17.17586136,-6.042379379,-41.95396423,-11.045578,-5.064070225,-40.87417221,12.02911091,-30.03690338,-89.65449524,-20.47149658,-29.54629707,-87.13710022,stand up,73.12481594,40.84735797
150,11.04521847,-1.486372948,12.91549206,-13.88771057,3.906655312,10.18315506,16.60128403,-7.216244698,-41.73714447,-11.56748009,-6.178867817,-40.53518295,11.10818577,-30.40427017,-89.70433807,-21.40565681,-29.60862541,-87.10745239,stand up,57.44503373,35.73336669
151,11.61709976,-0.710010529,12.43137169,-13.58069324,3.936815262,10.66714478,16.1079464,-8.258306503,-41.51889038,-12.0237751,-7.151865959,-40.1978302,10.26038456,-30.83880615,-89.65452576,-22.20932007,-29.71932983,-86.97922516,stand up,45.26912473,32.28387421
152,12.10438824,0.053042173,11.94463921,-13.31333828,3.919357061,11.03863716,15.6075592,-9.174972534,-41.33734894,-12.5063448,-8.090668678,-39.82030869,9.372932434,-31.39965439,-89.53205109,-22.97349358,-29.90999603,-86.75840759,stand up,36.45818774,29.47204044
153,12.54179478,0.838595629,11.436903,-13.04466152,3.830546141,11.3899231,15.03137398,-10.04538536,-41.17572403,-13.07044888,-9.076887131,-39.38850021,8.423527718,-32.10229874,-89.35941315,-23.76688957,-30.19916344,-86.4634552,stand up,29.56131758,26.74344365
154,12.97432804,1.678043604,10.83890152,-12.74129868,3.669029474,11.77020073,14.37356472,-10.96910858,-40.97841263,-13.71561623,-10.13020325,-38.91706467,7.472339153,-32.91411209,-89.14338684,-24.5514698,-30.600811,-86.12434387,stand up,23.77055481,23.85517232
155,13.40800095,2.601993084,10.10290337,-12.40062714,3.463381529,12.16268539,13.68121624,-11.98290634,-40.70713043,-14.40548706,-11.22393608,-38.41861343,6.565164089,-33.78152084,-88.87849426,-25.23946762,-31.10168076,-85.76197815,stand up,19.15220289,20.81874544
156,13.798419,3.650593758,9.252822876,-12.04318428,3.250283003,12.5222683,13.00223351,-13.04158592,-40.36819458,-15.09718704,-12.33539009,-37.88381958,5.707784176,-34.65864182,-88.56245422,-25.80832863,-31.64694214,-85.37361145,stand up,15.91559777,17.92831514
157,14.07934761,4.851651192,8.362400055,-11.6850872,3.054410219,12.82713413,12.35539913,-14.08553123,-39.98385239,-15.75839329,-13.47365379,-37.29315948,4.917253971,-35.52628326,-88.20241547,-26.3102684,-32.18066788,-84.94132996,stand up,13.93090093,15.58106524
158,14.19301605,6.17531538,7.506453991,-11.32953167,2.891349792,13.08877468,11.75754261,-15.09171677,-39.56056976,-16.35554695,-14.65400505,-36.64262772,4.251194,-36.38558197,-87.80603027,-26.78702736,-32.69133759,-84.45346069,stand up,12.8851992,14.05715559
159,14.11886978,7.511490822,6.732034683,-10.98766041,2.780622244,13.31968307,11.25981045,-16.0469532,-39.09307098,-16.82933807,-15.82257175,-35.98304367,3.79209733,-37.26652145,-87.36319733,-27.37604904,-33.41082382,-83.86670685,stand up,12.46869192,13.51574799
160,13.90024376,8.709960938,6.049025059,-10.69051075,2.74528265,13.51044178,10.91204834,-16.91640663,-38.59903717,-17.12287331,-16.91457558,-35.35139465,3.606645823,-38.12751007,-86.89426422,-28.01029587,-34.32575989,-83.21705627,stand up,12.35341691,13.9010432
161,13.62788963,9.662956238,5.440151691,-10.46660423,2.796220779,13.6443615,10.71993923,-17.6496563,-38.11261749,-17.23187637,-17.81010628,-34.82266235,3.736595869,-38.90715408,-86.43697357,-28.46925354,-35.73483658,-82.60747528,stand up,12.10863517,13.90888603
162,13.37763691,10.35627174,4.892742634,-10.30255222,2.931404114,13.73922825,10.66861534,-18.21607971,-37.65830994,-17.18109894,-18.55157089,-34.40502167,4.191681862,-39.61548233,-86.00367737,-28.56940269,-37.16036224,-82.15901947,stand up,11.42325474,13.71167727
163,13.16224289,10.85730743,4.422771931,-10.22926521,3.042912483,13.76848221,10.78600693,-18.62260056,-37.24836731,-17.00059891,-19.21243095,-34.13106918,4.943814278,-40.30980682,-85.58031464,-28.18805885,-38.85948563,-81.93341827,stand up,10.46831091,12.7354008
164,12.94248676,11.26438332,4.066693783,-10.2369833,3.145498037,13.76544189,11.13590336,-18.89728355,-36.90922928,-16.91267395,-20.07139969,-33.97375488,5.908267975,-40.94264603,-85.19395447,-25.61427689,-39.69779205,-82.55847931,stand up,9.912463813,7.868853197
165,12.68634796,11.63637066,3.864991665,-10.33767891,3.154951334,13.7136097,11.7667675,-19.03948212,-36.65319061,-16.86346054,-21.16950798,-33.96667099,7.052168369,-41.48075867,-84.86092377,-20.71117592,-39.01858521,-83.81932068,stand up,10.14744023,2.852656332
166,12.41685009,11.9381609,3.8834095,-10.65440369,3.120958805,13.49952221,12.66095829,-19.01883507,-36.49318314,-16.49197578,-22.07346535,-34.17438889,8.381911278,-41.90769196,-84.59531403,-15.96120167,-37.7736969,-84.7478714,stand up,11.04094046,14.98153881
167,12.19820786,12.05297661,4.240393639,-11.24356174,2.928560972,13.02556992,13.73586082,-18.78809929,-36.48491669,-15.6802206,-22.29968834,-34.57116318,9.818591118,-42.15036774,-84.45567322,-12.80431747,-36.85037613,-85.34841919,stand up,12.3727778,21.15434538
168,12.27835178,11.2903595,5.775940418,-12.06490135,2.479159832,12.3332386,14.64385509,-17.37489128,-37.30180359,-14.76270866,-20.40019608,-35.75096893,11.08503532,-41.35504532,-85.02664185,-11.99068832,-36.35373688,-86.26230621,stand up,13.15892652,16.58201131
169,12.23077965,10.43238068,7.259643078,-12.8491478,2.121645212,11.54831696,15.63158035,-15.96213531,-38.01488113,-13.75095558,-18.49574471,-36.82220459,12.40210724,-40.56097412,-85.47895813,-11.14860821,-35.83475876,-87.03128052,stand up,14.82115922,11.04012756
170,12.05481052,9.489077568,8.677768707,-13.58584785,1.860141754,10.68048477,16.69445992,-14.55824947,-38.62094879,-12.64962387,-16.59564972,-37.78118896,13.76447105,-39.77541351,-85.81031799,-10.28256512,-35.29740143,-87.65341187,stand up,17.54785736,4.309496747
171,11.75110531,8.471244812,10.01739502,-14.23273087,1.663142443,9.79206562,17.82740974,-13.1716547,-39.11749649,-11.46395397,-14.70927048,-38.62488174,15.16640759,-39.00562668,-86.01911926,-9.397130966,-34.74582291,-88.12767029,stand up,21.56318836,3.709226413
172,11.47114277,6.352317333,11.69749451,-14.74291706,1.31893754,9.013104439,18.90793419,-10.19961834,-40.09645081,-10.43643284,-10.92690849,-40.15440369,16.26445961,-36.79826736,-86.56154633,-8.45892334,-33.04244995,-88.9078598,stand up,29.8700373,14.26555336
173,11.13034916,4.150557518,12.85287094,-15.12297726,0.893616676,8.362388611,19.98734856,-7.027417183,-40.92963409,-9.469056129,-7.050323486,-41.360569,16.58179855,-34.28408051,-86.99060822,-7.647183418,-30.75652122,-89.43630219,stand up,45.51380184,31.04583967
174,10.61980247,1.848727465,13.697052,-15.48320198,0.532388687,7.613110542,21.20531082,-3.84722352,-41.45846939,-8.351470947,-3.142029047,-42.23099899,16.91671944,-31.70232773,-87.11116028,-6.719304562,-28.41347504,-89.57752228,stand up,70.46834489,59.04618628
175,10.20947361,-0.014728308,14.06373978,-15.69513702,0.08020401,7.082223892,22.00669861,-0.991463661,-41.73373413,-7.657568932,0.221437216,-42.68077087,16.79595757,-28.78473473,-87.33599091,-6.114739895,-25.97509575,-89.5300293,stand up,95.88573277,87.63616976
176,9.865756989,-1.56057477,14.20899582,-15.82094765,-0.301581621,6.680369377,22.48838615,1.536846161,-41.79156494,-7.265559673,3.214794397,-42.8678627,16.58024788,-25.49272156,-87.6905899,-5.761791229,-23.63667488,-89.3310318,stand up,116.1170042,109.1379023
177,9.622146606,-2.805179358,14.21710205,-15.87784576,-0.496125221,6.371617317,22.59933853,3.720235825,-41.81182861,-7.192064285,5.763048172,-42.85222244,16.2909565,-22.99267006,-87.79600525,-5.837836266,-21.48579979,-89.05236053,stand up,129.982192,122.9322108
178,9.350553513,-4.046773911,14.13077164,-15.91693878,-0.733917952,6.074821949,22.74510193,5.898058414,-41.70811081,-7.084639549,8.302200317,-42.69950867,16.01219368,-20.49100494,-87.77120972,-5.855899811,-19.33824921,-88.63352203,stand up,140.9052657,133.1081514
179,9.257321358,-5.04475832,13.88008595,-15.88888359,-0.92086792,5.942571163,22.56064987,7.679545879,-41.67871475,-7.269506931,10.3418169,-42.44228745,15.42770672,-18.83776855,-87.5785675,-6.395065784,-17.41304398,-88.25865173,stand up,148.7813053,140.7684721
180,9.341488838,-5.841964722,13.48105621,-15.79831982,-1.162731647,6.153357029,22.17711449,9.087246895,-41.67333984,-7.648693085,12.00997829,-42.15713882,14.43174648,-17.35222244,-87.46329498,-7.296012402,-15.63385105,-87.97599792,stand up,155.6399807,147.5250145
181,9.599984169,-6.401878357,12.98485947,-15.64591217,-1.520115137,6.471502781,21.62285233,10.04654121,-41.69902039,-8.199954033,13.28055286,-41.90027618,13.04918671,-15.99388695,-87.4890213,-8.448706627,-14.01960278,-87.83441925,stand up,162.0591408,153.8158796
182,10.00012302,-6.695813179,12.45949268,-15.43138885,-1.938736439,6.876242161,20.90125656,10.51882553,-41.79722595,-8.926121712,14.05864906,-41.71417236,11.48786068,-14.94852924,-87.64678192,-9.694144249,-12.69872761,-87.85345459,stand up,167.9416729,159.5152181
183,10.51442528,-6.699448586,11.95458221,-15.13580799,-2.326142788,7.528138161,19.97520638,10.5294342,-41.99781418,-9.866199493,14.20484161,-41.63594055,10.02810574,-14.41423321,-87.9265213,-10.93370056,-11.87918186,-88.04698181,stand up,172.9690389,164.6627443
184,11.17819214,-6.258291245,11.51408005,-14.74155521,-2.653312683,8.308243752,18.75098419,10.04120064,-42.28844452,-11.11906719,13.37473392,-41.73579407,8.959048271,-14.56179619,-88.38282776,-12.09665394,-11.95733547,-88.48679352,stand up,176.7827213,169.4745825
185,11.8074007,-5.807227135,11.04021072,-14.29795742,-2.944481373,9.081113815,17.52863884,9.514945984,-42.54277802,-12.36583519,12.50907135,-41.79502869,7.869978428,-14.73923302,-88.79829407,-13.27202892,-12.06302643,-88.8737793,stand up,178.7616658,174.985473
186,12.50139809,-4.988694191,10.59963703,-13.76726437,-3.122472763,9.922242165,16.21175194,8.636111259,-42.7822113,-13.70140648,10.96713543,-41.90037918,7.034079075,-15.30909538,-89.26278687,-14.39826488,-12.78893948,-89.35657501,stand up,174.262847,178.5875839
187,13.13223267,-4.043984413,10.1692915,-13.23624516,-3.040635586,10.76815128,15.00133991,7.488340378,-42.96442413,-14.94124126,9.249443054,-41.9946022,6.228399277,-15.97136307,-89.71848297,-15.21987057,-14.03948689,-89.69493103,stand up,168.7025091,171.4163433
188,13.64092255,-3.072077036,9.783733368,-12.75009537,-2.723884583,11.53460693,13.96505547,6.029903889,-43.08594894,-16.02537727,7.384782791,-42.02300262,5.486182213,-16.71423912,-90.17281342,-15.56973743,-15.24406052,-89.97645569,stand up,161.5943742,163.2008129
189,14.00888443,-2.129685879,9.483945847,-12.33495903,-2.261596918,12.15577126,13.12862968,4.318350792,-43.13161469,-16.91469002,5.452257156,-41.9859581,4.935686588,-17.54264259,-90.59949493,-15.54415417,-16.37688828,-90.15234375,stand up,151.6815934,152.8948901
190,14.24880505,-1.238030195,9.28868103,-12.03877068,-1.721990108,12.56899834,12.51473427,2.536296844,-43.08024597,-17.52628136,3.580898046,-41.86595154,4.693958282,-18.39697266,-90.94232178,-15.63594055,-17.4019928,-90.25270081,stand up,134.8381891,139.1676297
191,14.38207626,-0.427764654,9.186613083,-11.8603735,-1.096260548,12.83938885,12.14405441,0.889724493,-42.94281006,-17.83968735,1.862359047,-41.66652679,4.778872967,-19.1201992,-91.1860733,-15.84170437,-17.9041214,-90.39079285,stand up,100.2771972,122.0984459
192,14.42994213,0.243026018,9.150850296,-11.85296917,-0.433564186,12.89863586,12.01985741,-0.519555807,-42.75894928,-17.87893295,0.39319396,-41.44338226,5.113782883,-19.60257339,-91.35205078,-15.99488544,-18.04040718,-90.51367188,stand up,52.54695284,103.6479469
193,14.41685581,0.729733706,9.158384323,-12.0047121,0.275838375,12.76258278,12.11971664,-1.719075441,-42.55466461,-17.70810699,-0.796842575,-41.25561142,5.579978466,-19.88177299,-91.45115662,-15.912673,-18.07052994,-90.59506989,stand up,23.36744152,85.28241459
194,14.36762047,1.058530807,9.201753616,-12.20764637,0.987255573,12.53345013,12.39089775,-2.78493166,-42.32979584,-17.40594292,-1.715284586,-41.13647842,6.078280449,-20.05514526,-91.48156738,-15.53698444,-18.22867966,-90.6476593,stand up,7.138717478,68.98771259
195,14.30079651,1.323646307,9.280228615,-12.45975208,1.664948463,12.17759895,12.75543976,-3.740781546,-42.08464813,-17.03817749,-2.425628901,-41.05811691,6.58170414,-20.1517334,-91.45723724,-14.98944283,-18.41037369,-90.6778183,stand up,3.647086847,55.52459551
196,14.22457981,1.617568731,9.384309769,-12.71896553,2.244746685,11.76892471,13.15118694,-4.427886009,-41.86143875,-16.64230156,-2.970272303,-40.98917389,7.13925457,-20.13214302,-91.4120636,-14.4224062,-18.54068565,-90.69871521,stand up,10.87978446,45.06874223
197,14.15353394,1.910233498,9.469902039,-12.94819069,2.859866619,11.35400581,13.5312109,-5.11638546,-41.6230011,-16.26060104,-3.515547514,-40.90405273,7.687221527,-20.11229324,-91.34078217,-13.866395,-18.67162514,-90.69893646,stand up,16.22986106,36.43142071
198,14.07332134,2.151858807,9.549760818,-13.19550896,3.339111805,10.90600491,13.94554806,-5.5193367,-41.45026398,-15.84346294,-3.975093365,-40.83065796,8.259784698,-20.02438927,-91.28598022,-13.37155247,-18.76305389,-90.71848297,stand up,20.45019153,29.39137458
199,13.9795332,2.293890715,9.640860558,-13.44210911,3.708404303,10.45119762,14.40807152,-5.852264404,-41.31162643,-15.37948704,-4.33843708,-40.79069519,8.784924507,-19.92607689,-91.24407959,-12.88845253,-18.87073517,-90.76011658,stand up,24.79035987,23.26378566
200,13.86796951,2.391660213,9.758769989,-13.67781448,3.957569599,10.01889706,14.89274502,-6.202495098,-41.18726349,-14.89138794,-4.592805862,-40.78451538,9.256752968,-19.80807877,-91.21614838,-12.39731598,-18.96919632,-90.81959534,stand up,29.30124542,17.92009701
201,13.74914646,2.526986599,9.880674362,-13.90078068,3.878456354,9.637439728,15.32865143,-6.549322605,-41.06951904,-14.45091629,-4.801159859,-40.78692627,9.68465519,-19.6301403,-91.20001221,-11.9188118,-18.99379539,-90.88562775,stand,33.21084184,13.7423912
202,13.64506054,2.704876661,9.968018532,-14.05963326,3.676939011,9.40220356,15.65074444,-6.787955761,-40.96967697,-14.13191605,-5.042099953,-40.77194214,10.04270458,-19.33962059,-91.1936264,-11.51601982,-18.87974739,-90.95259094,stand,36.00514747,11.17996363
203,13.56950569,2.857357264,10.01646519,-14.14377213,3.538244963,9.309458733,15.84896278,-6.846899033,-40.89900208,-13.94806194,-5.320382118,-40.73558044,10.29542255,-18.90048409,-91.1958313,-11.2431736,-18.59306145,-91.02103424,stand,37.95601705,10.25317428
204,13.51552868,2.938401699,10.06276608,-14.18210888,3.545463085,9.276151657,15.96695137,-6.764161587,-40.85158539,-13.84620857,-5.556148529,-40.69612503,10.45670795,-18.31893349,-91.20461273,-11.08510971,-18.1490593,-91.09104919,stand,39.67500155,10.25329687
205,13.46540451,2.97729373,10.140872,-14.21094799,3.626936674,9.226285934,16.06019592,-6.633591652,-40.81401825,-13.76244831,-5.655151367,-40.67534256,10.58052063,-17.63387299,-91.21901703,-10.97079945,-17.59194756,-91.16122437,stand,41.58846612,10.39682212
206,13.40894699,3.031140566,10.24882793,-14.24592781,3.650790453,9.159767151,16.15999603,-6.490200996,-40.78677368,-13.66621971,-5.573910713,-40.68366241,10.7009325,-16.87981415,-91.24250031,-10.8466053,-16.95438004,-91.23334503,stand,43.83485322,10.31942514
207,13.34872246,3.110539913,10.35972786,-14.27305603,3.532367945,9.151994705,16.27124786,-6.273383141,-40.78631592,-13.55682755,-5.324214935,-40.72257996,10.81192112,-16.07349586,-91.28209686,-10.71240044,-16.25121307,-91.31503296,stand,46.41942717,9.967524844
208,13.29444218,3.168773651,10.45026779,-14.30510902,3.298562765,9.177171707,16.38539505,-5.898916721,-40.82859802,-13.44647121,-4.938620567,-40.79320526,10.89871883,-15.24936581,-91.3452301,-10.59218311,-15.5180397,-91.41577148,stand,49.2266304,9.147719154
209,13.25750828,3.149819374,10.51301956,-14.31526852,2.964824438,9.280931473,16.482687,-5.339818954,-40.91558456,-13.35651588,-4.443615913,-40.89700699,10.96227741,-14.47985172,-91.43634796,-10.49711514,-14.82561207,-91.53916931,stand,51.93277295,8.024709307
210,13.24526787,3.027194738,10.55270386,-14.31272888,2.576267719,9.400045395,16.53377724,-4.628401756,-41.03558731,-13.31567574,-3.857070208,-41.02869034,11.01533699,-13.82006454,-91.55286407,-10.42344093,-14.21961212,-91.67754364,stand,54.22577687,6.784931739
211,13.25849628,2.750200033,10.58610725,-14.29019165,2.173703909,9.516739845,16.4908638,-3.769934177,-41.18336487,-13.37322998,-3.179782629,-41.1740303,11.04619026,-13.24649429,-91.69232178,-10.38473415,-13.64567852,-91.8131485,stand,56.24913127,6.217006458
212,13.27441311,2.473032475,10.6087923,-14.26176739,1.745086908,9.619688988,16.44031334,-2.908992767,-41.31702042,-13.43754101,-2.500224113,-41.30621719,11.0729866,-12.66971207,-91.81630707,-10.34856319,-13.06814003,-91.93501282,stand,59.27154524,5.306247197
213,13.28625393,2.059137821,10.63579369,-14.20897388,1.355469227,9.744644165,16.33387947,-2.011597157,-41.45340347,-13.56504536,-1.823759079,-41.40468216,11.00524616,-12.04873943,-91.92980194,-10.37371349,-12.39064312,-92.02088928,stand,64.78444322,5.35504678
214,13.29881859,1.644676924,10.64565182,-14.13619518,0.975513458,9.90254879,16.21932983,-1.112490892,-41.57456589,-13.69929028,-1.146221161,-41.48941803,10.9331131,-11.42554855,-92.02687836,-10.40122986,-11.70973206,-92.09287262,stand,73.78645879,5.70338422
215,13.30838203,1.258635521,10.62926102,-14.05539703,0.650084019,10.06556702,16.11817932,-0.373345613,-41.66951752,-13.82519722,-0.561517477,-41.53926468,10.7690382,-10.82871532,-92.09222412,-10.46078682,-11.05130291,-92.13195801,stand,86.94624542,7.024948058
216,13.33864784,1.047730446,10.58442593,-13.97364998,0.442254543,10.21078873,16.01416969,0.037139654,-41.72164917,-13.93930626,-0.215184689,-41.56114578,10.6162014,-10.41452885,-92.12908936,-10.56953812,-10.59429646,-92.14863586,stand,96.62255873,14.99663388
217,13.3686285,0.83770752,10.53535938,-13.90555191,0.246357918,10.32170105,15.90888977,0.44786334,-41.76982117,-14.05453682,0.131231546,-41.5792923,10.4620409,-10.0001812,-92.16190338,-10.67924404,-10.13690186,-92.16132355,stand,108.8093593,70.50184423
218,13.39829159,0.62866807,10.48202515,-13.84483719,0.059306622,10.41381359,15.802351,0.85875392,-41.81401062,-14.17088318,0.477671623,-41.5937233,10.30657482,-9.585738182,-92.19065857,-10.78989697,-9.679174423,-92.16999817,stand,123.219817,160.4809519
219,13.42761326,0.420683622,10.42451859,-13.7799902,-0.12242198,10.51272202,15.69456196,1.26978159,-41.85425568,-14.2883358,0.824075937,-41.60443497,10.14981079,-9.171236038,-92.21538544,-10.90149021,-9.221190453,-92.17468262,stand,138.5044563,170.3925848
220,13.43338013,0.335502625,10.41321754,-13.73290539,-0.186645985,10.59556007,15.65769196,1.315194368,-41.87171936,-14.31981468,0.878614187,-41.60697556,10.09258747,-9.076887131,-92.23303986,-10.98671436,-9.10716629,-92.18043518,stand,141.940624,169.6054789
221,13.43898487,0.250303745,10.40146351,-13.68412781,-0.244706869,10.68339348,15.62086773,1.360660791,-41.88895798,-14.35125351,0.93319416,-41.60927963,10.03534794,-8.982461929,-92.25037384,-11.0717535,-8.993029594,-92.18582916,stand,145.3415255,168.7570713
222,13.44442558,0.165116787,10.38917351,-13.6412735,-0.294321775,10.76093864,15.58408737,1.406145096,-41.90587234,-14.38264847,0.987839699,-41.61132431,9.978099823,-8.888000488,-92.26731873,-11.15660477,-8.878761292,-92.19080353,stand,148.6860584,168.068509
223,13.44879532,0.179225206,10.39255905,-13.6138525,-0.226056576,10.81774235,15.57306671,1.17828846,-41.90663147,-14.38819313,0.840067863,-41.6065979,9.934747696,-9.015930176,-92.27584839,-11.21604538,-8.992433548,-92.19106293,stand,144.1345452,161.8892534
224,13.45318222,0.193309784,10.39589691,-13.58987999,-0.15630126,10.86677361,15.56151962,0.950425863,-41.90648651,-14.39412403,0.692307949,-41.60134125,9.891429901,-9.14375782,-92.28331757,-11.27479553,-9.105801582,-92.19068146,stand,139.0772329,154.196946
225,13.45757961,0.20737648,10.39918709,-13.56584263,-0.092053413,10.91240692,15.54944515,0.722658634,-41.90546417,-14.40044212,0.5446136,-41.59554672,9.84814167,-9.271377563,-92.28974915,-11.33285141,-9.218830109,-92.18966675,stand,133.5414697,144.7801602
226,13.46060181,0.28065443,10.4095459,-13.54682732,0.022006035,10.94694138,15.54765987,0.372254848,-41.89063263,-14.39626789,0.288826227,-41.58059311,9.818676949,-9.486907959,-92.28448486,-11.3718605,-9.423237801,-92.18042755,stand,122.6731876,124.7351421
227,13.46372032,0.376605988,10.41325378,-13.53214836,0.133919716,10.96935272,15.53969669,0.016200542,-41.87628174,-14.39820194,0.033521652,-41.56003571,9.791507721,-9.835195541,-92.28023529,-11.40668297,-9.740262985,-92.16454315,stand,110.414301,100.4055318
228,13.46721363,0.472646952,10.41559029,-13.522686,0.245255232,10.9792347,15.53031921,-0.339651108,-41.85959244,-14.40126133,-0.221580267,-41.53757858,9.763246536,-10.18323326,-92.27365875,-11.44202995,-10.05693626,-92.14662933,stand,98.87397151,78.76115569
229,13.46721363,0.472646952,10.41559029,-13.52087116,0.234639645,10.97874641,15.53031921,-0.339651108,-41.85959244,-14.40126133,-0.221580267,-41.53757858,9.763246536,-10.18323326,-92.27365875,-11.44202995,-10.05693626,-92.14662933,stand,98.87397151,79.35204775
230,13.46721363,0.472646952,10.41559029,-13.52087116,0.234639645,10.97874641,15.53031921,-0.339651108,-41.85959244,-14.40126133,-0.221580267,-41.53757858,9.763246536,-10.18323326,-92.27365875,-11.44202995,-10.05693626,-92.14662933,stand,98.87397151,79.35204775
231,13.46721363,0.472646952,10.41559029,-13.52087116,0.234639645,10.97874641,15.53031921,-0.339651108,-41.85959244,-14.40126133,-0.221580267,-41.53757858,9.763246536,-10.18323326,-92.27365875,-11.44202995,-10.05693626,-92.14662933,stand,98.87397151,79.35204775
232,13.46721363,0.472646952,10.41559029,-13.52087116,0.234639645,10.97874641,15.53031921,-0.339651108,-41.85959244,-14.40126133,-0.221580267,-41.53757858,9.763246536,-10.18323326,-92.27365875,-11.44202995,-10.05693626,-92.14662933,stand,98.87397151,79.35204775
233,13.46721363,0.472646952,10.41559029,-13.52087116,0.234639645,10.97874641,15.53031921,-0.339651108,-41.85959244,-14.40126133,-0.221580267,-41.53757858,9.763246536,-10.18323326,-92.27365875,-11.44202995,-10.05693626,-92.14662933,stand,98.87397151,79.35204775
234,13.46721363,0.472646952,10.41559029,-13.52087116,0.234639645,10.97874641,15.53031921,-0.339651108,-41.85959244,-14.40126133,-0.221580267,-41.53757858,9.763246536,-10.18323326,-92.27365875,-11.44202995,-10.05693626,-92.14662933,stand,98.87397151,79.35204775
235,13.46721363,0.472646952,10.41559029,-13.52087116,0.234639645,10.97874641,15.53031921,-0.339651108,-41.85959244,-14.40126133,-0.221580267,-41.53757858,9.763246536,-10.18323326,-92.27365875,-11.44202995,-10.05693626,-92.14662933,stand,98.87397151,79.35204775
236,13.46721363,0.472646952,10.41559029,-13.52087116,0.234639645,10.97874641,15.53031921,-0.339651108,-41.85959244,-14.40126133,-0.221580267,-41.53757858,9.763246536,-10.18323326,-92.27365875,-11.44202995,-10.05693626,-92.14662933,stand,98.87397151,79.35204775
237,13.46721363,0.472646952,10.41559029,-13.52087116,0.234639645,10.97874641,15.53031921,-0.339651108,-41.85959244,-14.40126133,-0.221580267,-41.53757858,9.763246536,-10.18323326,-92.27365875,-11.44202995,-10.05693626,-92.14662933,stand,98.87397151,79.35204775
238,13.46721363,0.472646952,10.41559029,-13.52087116,0.234639645,10.97874641,15.53031921,-0.339651108,-41.85959244,-14.40126133,-0.221580267,-41.53757858,9.763246536,-10.18323326,-92.27365875,-11.44202995,-10.05693626,-92.14662933,stand,98.87397151,79.35204775
239,13.46721363,0.472646952,10.41559029,-13.52087116,0.234639645,10.97874641,15.53031921,-0.339651108,-41.85959244,-14.40126133,-0.221580267,-41.53757858,9.763246536,-10.18323326,-92.27365875,-11.44202995,-10.05693626,-92.14662933,stand,98.87397151,79.35204775
240,13.46721363,0.472646952,10.41559029,-13.52087116,0.234639645,10.97874641,15.53031921,-0.339651108,-41.85959244,-14.40126133,-0.221580267,-41.53757858,9.763246536,-10.18323326,-92.27365875,-11.44202995,-10.05693626,-92.14662933,stand,98.87397151,79.35204775
241,13.46721363,0.472646952,10.41559029,-13.52087116,0.234639645,10.97874641,15.53031921,-0.339651108,-41.85959244,-14.40126133,-0.221580267,-41.53757858,9.763246536,-10.18323326,-92.27365875,-11.44202995,-10.05693626,-92.14662933,stand,98.87397151,79.35204775
242,13.46721363,0.472646952,10.41559029,-13.52087116,0.234639645,10.97874641,15.53031921,-0.339651108,-41.85959244,-14.40126133,-0.221580267,-41.53757858,9.763246536,-10.18323326,-92.27365875,-11.44202995,-10.05693626,-92.14662933,stand,98.87397151,79.35204775
243,13.46721363,0.472646952,10.41559029,-13.52087116,0.234639645,10.97874641,15.53031921,-0.339651108,-41.85959244,-14.40126133,-0.221580267,-41.53757858,9.763246536,-10.18323326,-92.27365875,-11.44202995,-10.05693626,-92.14662933,stand,98.87397151,79.35204775
244,13.46721363,0.472646952,10.41559029,-13.52087116,0.234639645,10.97874641,15.53031921,-0.339651108,-41.85959244,-14.40126133,-0.221580267,-41.53757858,9.763246536,-10.18323326,-92.27365875,-11.44202995,-10.05693626,-92.14662933,stand,98.87397151,79.35204775
245,13.46721363,0.472646952,10.41559029,-13.52087116,0.234639645,10.97874641,15.53031921,-0.339651108,-41.85959244,-14.40126133,-0.221580267,-41.53757858,9.763246536,-10.18323326,-92.27365875,-11.44202995,-10.05693626,-92.14662933,stand,98.87397151,79.35204775
246,13.46721363,0.472646952,10.41559029,-13.52087116,0.234639645,10.97874641,15.53031921,-0.339651108,-41.85959244,-14.40126133,-0.221580267,-41.53757858,9.763246536,-10.18323326,-92.27365875,-11.44202995,-10.05693626,-92.14662933,stand,98.87397151,79.35204775
247,13.46721363,0.472646952,10.41559029,-13.52087116,0.234639645,10.97874641,15.53031921,-0.339651108,-41.85959244,-14.40126133,-0.221580267,-41.53757858,9.763246536,-10.18323326,-92.27365875,-11.44202995,-10.05693626,-92.14662933,stand,98.87397151,79.35204775
248,13.46721363,0.472646952,10.41559029,-13.52087116,0.234639645,10.97874641,15.53031921,-0.339651108,-41.85959244,-14.40126133,-0.221580267,-41.53757858,9.763246536,-10.18323326,-92.27365875,-11.44202995,-10.05693626,-92.14662933,stand,98.87397151,79.35204775
249,13.46721363,0.472646952,10.41559029,-13.52087116,0.234639645,10.97874641,15.53031921,-0.339651108,-41.85959244,-14.40126133,-0.221580267,-41.53757858,9.763246536,-10.18323326,-92.27365875,-11.44202995,-10.05693626,-92.14662933,stand,98.87397151,79.35204775
250,13.46721363,0.472646952,10.41559029,-13.52087116,0.234639645,10.97874641,15.53031921,-0.339651108,-41.85959244,-14.40126133,-0.221580267,-41.53757858,9.763246536,-10.18323326,-92.27365875,-11.44202995,-10.05693626,-92.14662933,stand,98.87397151,79.35204775
